unitid,institution name,year,F1112_F2_RV.Private gifts - Total,DRVF2012_RV.Tuition and fees as a percent of core revenues (FASB),DRVF2012_RV.Endowment assets (year end) per FTE enrollment (FASB)
100690,Amridge University,2012,822808,84,278
100937,Birmingham Southern College,2012,8538020,65,38220
101073,Concordia College Alabama,2012,4566683,35,6344
101189,Faulkner University,2012,3725405,87,5906
101435,Huntingdon College,2012,4232940,72,37568
101453,Heritage Christian University,2012,1811220,24,161715
101541,Judson College,2012,1089525,39,42291
101675,Miles College,2012,1740532,38,9540
101693,University of Mobile,2012,7264417,61,11639
101912,Oakwood University,2012,1090692,49,4635
102049,Samford University,2012,12138135,78,59366
102058,Selma University,2012,298793,37,
102234,Spring Hill College,2012,4964808,53,13094
102261,Southeastern Bible College,2012,470143,78,10259
102270,Stillman College,2012,1335399,66,17159
102298,Talladega College,2012,0,43,5489
102377,Tuskegee University,2012,0,34,33435
102395,United States Sports Academy,2012,256231,77,2681
102580,Alaska Bible College,2012,348016,15,1735
102669,Alaska Pacific University,2012,4111323,50,109380
103778,Thunderbird School of Global Management,2012,8863796,86,21893
103787,American Indian College of the Assemblies of God Inc,2012,702050,39,1571
103945,College America-Flagstaff,2012,,,
104586,Embry-Riddle Aeronautical University-Prescott,2012,,91,10215
104665,Frank Lloyd Wright School of Architecture,2012,39032,95,4230
105367,Ottawa University-Phoenix,2012,,87,3318
105589,Prescott College,2012,582918,89,990
105899,Arizona Christian University,2012,4110848,43,4105
106306,Arkansas Baptist College,2012,862613,28,47
106342,Lyon College,2012,6173912,32,79770
106713,Central Baptist College,2012,6463768,45,2666
106810,Crowley's Ridge College,2012,469312,73,7328
107044,Harding University,2012,15037651,74,17517
107080,Hendrix College,2012,4875361,109,106821
107141,John Brown University,2012,20562016,41,36521
107512,Ouachita Baptist University,2012,6058341,64,51047
107558,University of the Ozarks,2012,2336547,70,139838
107600,Philander Smith College,2012,4444599,42,14909
107877,Williams Baptist College,2012,1703369,68,18915
108269,Academy of Chinese Culture and Health Sciences,2012,0,98,
108861,American Baptist Seminary of the West,2012,295143,154,112289
108870,American Film Institute Conservatory,2012,15598882,27,24537
109086,American Conservatory Theater,2012,10279126,13,339019
109651,Art Center College of Design,2012,2268000,80,25604
109785,Azusa Pacific University,2012,8439122,90,6379
110060,Bethesda University of California,2012,0,69,
110097,Biola University,2012,12045000,86,14196
110307,Phillips Graduate Institute,2012,83072,83,57
110316,California Institute of Integral Studies,2012,766526,90,1013
110361,California Baptist University,2012,3359312,91,2316
110370,California College of the Arts,2012,3206000,93,13616
110404,California Institute of Technology,2012,118349000,4,803681
110413,California Lutheran University,2012,7338758,85,14273
110468,Alliant International University,2012,930946,91,354
110778,Sofia University,2012,102173,96,3453
110918,California Christian College,2012,208407,54,4203
110945,California College San Diego,2012,,,
111081,California Institute of the Arts,2012,11518027,77,79432
111391,California Western School of Law,2012,791704,93,21148
111948,Chapman University,2012,58676860,77,25916
111966,Charles R Drew University of Medicine and Science,2012,354600,20,89576
112075,Concordia University-Irvine,2012,11195470,80,3355
112084,San Diego Christian College,2012,1775712,75,874
112127,Church Divinity School of the Pacific,2012,2876207,16,304152
112251,Claremont Graduate University,2012,5386114,61,127572
112260,Claremont McKenna College,2012,70964000,34,394680
112446,Coleman University,2012,0,82,
112525,Western University of Health Sciences,2012,8995815,97,2884
112570,Columbia College-Hollywood,2012,16564,100,
113537,Dell'Arte International School of Physical Theatre,2012,42087,49,
113698,Dominican University of California,2012,4042979,86,12368
113704,Dominican School of Philosophy & Theology,2012,393434,37,13575
114549,Fielding Graduate University,2012,347706,98,2705
114734,Franciscan School of Theology,2012,2048256,10,182253
114813,Fresno Pacific University,2012,2808678,92,3713
114840,Fuller Theological Seminary in California,2012,11109000,56,71789
115083,Golden Gate University-San Francisco,2012,5073264,90,23044
115214,Graduate Theological Union,2012,331501,31,115205
115409,Harvey Mudd College,2012,20847428,51,288006
115728,Holy Names University,2012,754601,84,9594
115773,Humphreys College-Stockton and Modesto Campuses,2012,0,99,103
116712,John F Kennedy University,2012,389820,90,2789
116846,American Jewish University,2012,11592802,20,85163
117104,Life Pacific College,2012,1949988,53,6646
117140,University of La Verne,2012,4835984,92,5488
117168,Laguna College of Art and Design,2012,603227,74,3071
117520,Life Chiropractic College West,2012,1600418,80,
117557,Lincoln University,2012,0,92,
117575,Southern California Seminary,2012,505490,60,579
117627,La Sierra University,2012,5595051,84,7464
117636,Loma Linda University,2012,14985939,64,122142
117672,Southern California University of Health Sciences,2012,97094,90,
117751,The Master's College and Seminary,2012,4286028,80,8807
117946,Loyola Marymount University,2012,26503000,94,43064
118541,Marymount California University,2012,2576780,86,8612
118693,Menlo College,2012,3121429,73,38890
118888,Mills College,2012,5449814,77,111030
119058,Monterey Institute of International Studies,2012,,67,127340
119173,Mount St Mary's College,2012,3491257,89,41739
119605,National University,2012,567143,95,17423
120184,Notre Dame de Namur University,2012,1388158,89,8991
120254,Occidental College,2012,14774305,71,147117
120403,Otis College of Art and Design,2012,3263092,90,10308
120537,Hope International University,2012,1468131,67,4607
120698,Palo Alto University,2012,374373,95,930
120740,Pacific Lutheran Theological Seminary,2012,884008,22,108244
120768,Pacific Oaks College,2012,45435,100,8796
120795,Pacific School of Religion,2012,1284294,51,231279
120838,Pacific States University,2012,7795,99,
120865,Pacific Union College,2012,1173536,80,14388
120883,University of the Pacific,2012,14168683,70,27905
121150,Pepperdine University,2012,22923000,79,79575
121257,Pitzer College,2012,4890407,87,104359
121309,Point Loma Nazarene University,2012,4498545,86,10681
121345,Pomona College,2012,16315000,39,1071199
121628,Pardee RAND Graduate School,2012,549266,47,165661
121691,University of Redlands,2012,5762195,88,22714
122117,Dongguk University-Los Angeles,2012,270465,84,
122296,Samuel Merritt University,2012,1378040,94,15434
122436,University of San Diego,2012,30524000,90,42063
122454,San Francisco Art Institute,2012,843168,97,11416
122506,San Francisco Conservatory of Music,2012,7485987,58,91658
122603,San Francisco Theological Seminary,2012,1817595,37,342252
122612,University of San Francisco,2012,21189000,91,21834
122649,San Joaquin College of Law,2012,293597,89,2437
122728,William Jessup University,2012,1110637,90,1262
122931,Santa Clara University,2012,26714000,88,66918
123095,Saybrook University,2012,92764,98,
123165,Scripps College,2012,7386393,65,260646
123280,Shasta Bible College and Graduate School,2012,0,44,
123448,Trinity Law School,2012,67039,95,609
123457,Simpson University,2012,1096213,91,3565
123554,Saint Mary's College of California,2012,7120056,100,32586
123633,South Baylo University,2012,315574,89,
123651,Vanguard University of Southern California,2012,2861115,88,1670
123916,Starr King School for Ministry,2012,472762,64,75913
123943,Marshall B Ketchum University,2012,706183,54,14782
123952,Southern California Institute of Architecture,2012,495478,86,
123961,University of Southern California,2012,527910000,47,101772
123970,Southwestern Law School,2012,1288419,94,8599
124283,Claremont School of Theology,2012,5998800,17,78396
124292,Thomas Aquinas College,2012,3278712,58,32204
124487,Epic Bible College,2012,80024,88,
125718,Westminster Theological Seminary in California,2012,2487201,31,3407
125727,Westmont College,2012,7420495,75,46063
125763,Whittier College,2012,8162454,85,34195
125897,Woodbury University,2012,1481125,87,10243
126012,The Wright Institute,2012,90000,94,8819
126049,Thomas Jefferson School of Law,2012,203668,94,
126076,Yeshiva Ohr Elchonon Chabad West Coast Talmudical Seminary,2012,547053,81,
126669,Colorado Christian University,2012,6735696,79,1134
126678,Colorado College,2012,12007166,61,223354
126872,College America-Denver,2012,,,
126979,Denver Seminary,2012,2894503,71,11202
127060,University of Denver,2012,45625508,70,34360
127273,Iliff School of Theology,2012,1459717,97,122249
127653,Naropa University,2012,473293,93,6021
127714,Nazarene Bible College,2012,1160268,77,4389
127918,Regis University,2012,5596082,94,5505
127954,Montessori Education Center of the Rockies,2012,0,95,
128498,Albertus Magnus College,2012,1027722,87,2228
128744,University of Bridgeport,2012,1871000,94,6460
128902,Connecticut College,2012,22828000,69,101564
129154,Goodwin College,2012,65000,90,2367
129242,Fairfield University,2012,18935000,82,52523
129428,Rensselaer Hartford Graduate Center Inc,2012,222000,31,19446
129491,Hartford Seminary,2012,2223906,33,370824
129525,University of Hartford,2012,5104000,84,18137
129534,Holy Apostles College and Seminary,2012,468562,79,
129686,Lyme Academy College of Fine Arts,2012,1500747,46,64218
129774,Mitchell College,2012,466208,85,7676
129941,University of New Haven,2012,7011573,97,4545
130226,Quinnipiac University,2012,4474432,96,32984
130253,Sacred Heart University,2012,9187364,87,19185
130314,University of Saint Joseph,2012,2472000,62,11224
130448,St Vincent's College,2012,353743,72,8456
130590,Trinity College,2012,30237300,63,185048
130697,Wesleyan University,2012,31130000,54,187807
130785,Yale-New Haven Hospital Dietetic Internship,2012,1500,86,
130794,Yale University,2012,284815000,8,1406460
130989,Goldey-Beacom College,2012,218212,47,53017
131098,Wesley College,2012,3541104,87,3735
131113,Wilmington University,2012,253386,99,3084
131159,American University,2012,23644000,92,41603
131283,Catholic University of America,2012,14706562,73,41117
131308,Corcoran College of Art and Design,2012,2724959,80,24681
131405,Pontifical Faculty of the Immaculate Conception at the Dominican House of Studies,2012,1094808,24,22775
131450,Gallaudet University,2012,3374995,12,107051
131469,George Washington University,2012,61997000,68,60966
131496,Georgetown University,2012,137363000,52,75141
131520,Howard University,2012,0,44,46792
131876,Trinity Washington University,2012,2406574,92,
131973,Wesley Theological Seminary,2012,5369105,42,38230
132408,The Baptist College of Florida,2012,1359869,51,12686
132471,Barry University,2012,5054173,89,3574
132602,Bethune-Cookman University,2012,4643795,72,12107
132657,Lynn University,2012,6097970,87,10213
132842,Carlos Albizu University-Miami,2012,0,83,
132879,Johnson University Florida,2012,1301291,71,2692
133085,Clearwater Christian College,2012,853606,85,1298
133492,Eckerd College,2012,3469110,89,18342
133526,Edward Waters College,2012,5028668,36,2508
133553,Embry-Riddle Aeronautical University-Daytona Beach,2012,4628000,91,8893
133711,Flagler College-St Augustine,2012,3518296,86,19396
133809,Florida College,2012,5593065,43,20664
133872,Adventist University of Health Sciences,2012,60388,77,3125
133881,Florida Institute of Technology,2012,2486724,77,10959
133979,Florida Memorial University,2012,824997,73,6190
134079,Florida Southern College,2012,3160755,86,30807
134510,Hobe Sound Bible College,2012,1444333,19,27129
134945,Jacksonville University,2012,6335462,69,10997
135063,Jones College-Jacksonville,2012,0,37,
135081,Keiser University-Ft Lauderdale,2012,0,96,
135364,Luther Rice University & Seminary,2012,426065,91,538
135610,Trinity International University-Florida,2012,58809,98,1002
135726,University of Miami,2012,97523962,30,43581
135939,Remington College-Tampa Campus,2012,0,99,
136206,Northwood University-Florida,2012,,94,7723
136215,Nova Southeastern University,2012,11889168,88,2168
136330,Palm Beach Atlantic University,2012,3434976,93,22175
136701,Saint Vincent de Paul Regional Seminary,2012,1601611,43,124341
136774,Ringling College of Art and Design,2012,8226041,82,18119
136950,Rollins College,2012,14877000,89,95550
137032,Saint Leo University,2012,1803143,95,2427
137272,Saint John Vianney College Seminary,2012,0,47,106483
137476,St Thomas University,2012,1741771,87,6215
137546,Stetson University,2012,10928009,77,36519
137564,Southeastern University,2012,1805784,89,2479
137777,Talmudic College of Florida,2012,2702433,8,
137847,The University of Tampa,2012,13264456,87,3599
137953,Trinity Baptist College,2012,335398,83,
137962,Trinity College of Florida,2012,475828,75,3746
138275,Warner University,2012,2862938,35,4278
138293,Webber International University,2012,222285,102,6014
138600,Agnes Scott College,2012,6781583,67,270020
138868,Point University,2012,5186306,59,3222
138947,Clark Atlanta University,2012,4194097,71,14857
139144,Berry College,2012,16142181,23,400184
139153,Beulah Heights University,2012,154537,0,
139199,Brenau University,2012,4318937,90,12733
139205,Brewton-Parker College,2012,2413722,51,25911
139287,Carver Bible College,2012,875772,22,
139348,Columbia Theological Seminary,2012,2779366,31,549280
139393,Covenant College,2012,5717746,70,22068
139630,Emmanuel College,2012,5266716,54,4515
139658,Emory University,2012,145709000,19,365868
140146,Interdenominational Theological Center,2012,1675484,52,54757
140234,LaGrange College,2012,8300051,71,
140252,Life University,2012,529030,96,
140447,Mercer University,2012,9365868,66,22493
140553,Morehouse College,2012,9929171,49,51732
140562,Morehouse School of Medicine,2012,394124,6,195424
140696,Oglethorpe University,2012,2861846,48,16565
140720,Paine College,2012,3189748,40,10180
140818,Piedmont College,2012,920087,70,20472
140872,Reinhardt University,2012,1550573,88,33341
140951,Savannah College of Art and Design,2012,9678189,93,1922
140988,Shorter University,2012,3089821,87,7142
141060,Spelman College,2012,2248892,49,130769
141167,Thomas University,2012,1240103,85,4594
141185,Toccoa Falls College,2012,1497142,51,3506
141237,Truett-McConnell College,2012,931465,72,4122
141325,Wesleyan College,2012,5203440,50,102552
141361,Young Harris College,2012,7722762,58,123069
141486,Chaminade University of Honolulu,2012,5310455,72,4639
141644,Hawaii Pacific University,2012,1102428,95,9843
141936,World Medicine Institute,2012,78000,76,
142090,Boise Bible College,2012,994828,43,3580
142294,The College of Idaho,2012,2957946,84,79335
142461,Northwest Nazarene University,2012,3392516,79,13780
142522,Brigham Young University-Idaho,2012,9772000,35,2664
142832,Adler School of Professional Psychology,2012,399379,94,5
143048,School of the Art Institute of Chicago,2012,3817572,79,46084
143084,Augustana College,2012,15948388,72,45438
143118,Aurora University,2012,3767094,88,8794
143233,Bethany Theological Seminary,2012,1609565,5,581817
143288,Blackburn College,2012,3609745,53,21423
143297,Blessing Rieman College of Nursing,2012,0,87,
143358,Bradley University,2012,14126574,82,42475
143659,Catholic Theological Union at Chicago,2012,1445254,42,102075
143853,Midwestern University-Downers Grove,2012,1023215,84,1015
143978,The Chicago School of Professional Psychology at Chicago,2012,106096,99,1507
144014,Chicago Theological Seminary,2012,1214913,28,215356
144050,University of Chicago,2012,215486804,22,437427
144281,Columbia College-Chicago,2012,3818548,90,10685
144351,Concordia University-Chicago,2012,2445299,95,4555
144740,DePaul University,2012,34649000,88,16064
144883,East-West University,2012,0,44,
144962,Elmhurst College,2012,2228509,112,24012
144971,Eureka College,2012,2319845,73,19080
145275,Garrett-Evangelical Theological Seminary,2012,7957756,19,237284
145372,Greenville College,2012,1749114,86,10237
145497,Hebrew Theological College,2012,1577440,19,1990
145558,Rosalind Franklin University of Medicine and Science,2012,2497905,71,21030
145619,Benedictine University,2012,1557653,83,1821
145628,Illinois College of Optometry,2012,2183025,67,1186
145646,Illinois Wesleyan University,2012,7547148,63,101173
145691,Illinois College,2012,1974309,43,128744
145725,Illinois Institute of Technology,2012,19895000,59,24422
145886,Institute for Clinical Social Work,2012,99095,87,2379
146241,The John Marshall Law School,2012,694077,90,2763
146339,Judson University,2012,2903444,79,9767
146427,Knox College,2012,12276118,58,60045
146481,Lake Forest College,2012,7054795,68,44775
146490,Lake Forest Graduate School of Management,2012,226125,81,
146533,Lakeview College of Nursing,2012,126149,90,47934
146612,Lewis University,2012,6199184,81,7666
146621,Lexington College,2012,15125,67,
146667,Lincoln Christian University,2012,2958727,74,9952
146676,Lincoln College,2012,836617,42,36518
146719,Loyola University Chicago,2012,54274634,66,27355
146728,Lutheran School of Theology at Chicago,2012,2397538,16,417771
146755,Trinity College of Nursing & Health Sciences,2012,0,97,12526
146825,MacMurray College,2012,1399898,76,14448
146977,McCormick Theological Seminary,2012,579176,185,575469
147013,McKendree University,2012,3798471,84,10353
147031,Meadville Lombard Theological School,2012,83770,11,124953
147129,Methodist College,2012,0,100,1434
147244,Millikin University,2012,6703873,72,44019
147341,Monmouth College,2012,5023975,73,61283
147369,Moody Bible Institute,2012,49380272,18,10566
147536,National Louis University,2012,2677047,83,6722
147590,National University of Health Sciences,2012,259962,91,3223
147660,North Central College,2012,9381293,78,32880
147679,North Park University,2012,7602296,85,24621
147697,Northern Baptist Theological Seminary,2012,749240,74,206023
147767,Northwestern University,2012,257293000,26,294532
147828,Olivet Nazarene University,2012,9703330,80,4980
148131,Quincy University,2012,2658611,77,9172
148335,Robert Morris University Illinois,2012,232333,100,10942
148405,Rockford University,2012,2884232,67,8403
148487,Roosevelt University,2012,2447915,84,15822
148496,Dominican University,2012,4347961,85,6983
148511,Rush University,2012,7474000,7,
148575,Saint Francis Medical Center College of Nursing,2012,97080,58,
148584,University of St Francis,2012,1138629,97,3714
148593,St John's College of Nursing,2012,0,42,13740
148627,Saint Xavier University,2012,1727720,67,2453
148849,Shimer College,2012,900158,63,5795
148876,Saint Augustine College,2012,131698,69,417
148885,University of Saint Mary of the Lake,2012,3798929,40,425052
148982,Spertus College,2012,2322413,16,61438
149028,Saint Anthony College of Nursing,2012,0,51,29827
149329,Telshe Yeshiva-Chicago,2012,3157421,23,
149505,Trinity Christian College,2012,6240875,81,6081
149514,Trinity International University-Illinois,2012,32163586,37,29893
149639,VanderCook College of Music,2012,214260,93,
149763,Resurrection University,2012,78900,93,5041
149781,Wheaton College,2012,16536145,62,104134
150066,Anderson University,2012,3942000,84,8834
150145,Bethel College-Indiana,2012,2067153,89,4519
150163,Butler University,2012,11230000,90,35282
150172,Calumet College of Saint Joseph,2012,948274,91,3964
150215,Christian Theological Seminary,2012,765122,12,606052
150288,Concordia Theological Seminary,2012,10134674,15,147393
150400,DePauw University,2012,29164326,51,205464
150455,Earlham College,2012,10882598,58,309194
150534,University of Evansville,2012,7058151,84,25627
150604,Franklin College,2012,8906411,60,78972
150668,Goshen College,2012,3524309,76,97623
150677,Grace College and Theological Seminary,2012,1925458,68,5864
150756,Hanover College,2012,6701275,75,119382
150774,Holy Cross College,2012,1794027,76,1521
150941,Huntington University,2012,3634921,74,17460
151263,University of Indianapolis,2012,6064067,86,13649
151290,Indiana Institute of Technology,2012,4297912,47,10054
151777,Manchester University,2012,3293769,70,31409
151786,Marian University,2012,8941804,74,10909
151801,Indiana Wesleyan University,2012,5654647,92,6182
151810,Martin University,2012,160073,89,
151865,Anabaptist Mennonite Biblical Seminary,2012,3225131,20,218965
151962,Mid-America College of Funeral Service,2012,0,92,
152080,University of Notre Dame,2012,149313000,35,511233
152099,Oakland City University,2012,856187,65,2353
152318,Rose-Hulman Institute of Technology,2012,32282827,57,85721
152336,University of Saint Francis-Fort Wayne,2012,4528687,83,7194
152363,Saint Josephs College,2012,3894527,16,19787
152381,Saint Mary-of-the-Woods College,2012,2005774,81,13004
152390,Saint Mary's College,2012,9564540,89,80616
152451,Saint Meinrad School of Theology,2012,40418,53,146588
152530,Taylor University,2012,12384668,74,28339
152567,Trine University,2012,10311142,68,11921
152600,Valparaiso University,2012,17425000,68,40498
152673,Wabash College,2012,18083278,43,355187
152798,Allen College,2012,0,92,4209
152822,AIB College of Business,2012,505598,86,7847
152992,Briar Cliff University,2012,1711658,81,8312
153001,Buena Vista University,2012,3201681,91,42282
153108,Central College,2012,2925614,93,42360
153126,Clarke University,2012,2656785,84,28243
153144,Coe College,2012,8319760,53,60668
153162,Cornell College,2012,6429829,65,47056
153241,Divine Word College,2012,3336784,23,181863
153250,Dordt College,2012,4998695,72,17735
153269,Drake University,2012,11773280,81,29643
153278,University of Dubuque,2012,1322009,98,37417
153302,Emmaus Bible College,2012,1494872,59,5708
153320,Faith Baptist Bible College and Theological Seminary,2012,1135171,52,11925
153366,Graceland University-Lamoni,2012,8221108,58,21144
153375,Grand View University,2012,2099134,91,9306
153384,Grinnell College,2012,8980000,,832645
153621,Iowa Wesleyan College,2012,3922312,69,18518
153825,Loras College,2012,8355995,64,13734
153834,Luther College,2012,7886806,89,42395
153861,Maharishi University of Management,2012,4405000,63,8919
153977,Mercy College of Health Sciences,2012,198241,93,4081
154004,Morningside College,2012,7820580,70,22717
154013,Mount Mercy University,2012,4052186,83,15684
154101,Northwestern College,2012,4669563,71,34985
154156,Des Moines University-Osteopathic Medical Center,2012,469735,88,56461
154174,Palmer College of Chiropractic-Davenport,2012,1334489,88,5098
154235,Saint Ambrose University,2012,3517925,92,33201
154262,St Luke's College,2012,100000,77,7325
154350,Simpson College,2012,2603869,87,36673
154493,Upper Iowa University,2012,1021133,95,1549
154527,Wartburg College,2012,5840562,78,23866
154536,Wartburg Theological Seminary,2012,3545587,23,111608
154590,William Penn University,2012,6004698,60,5548
154688,Baker University,2012,7153217,85,10583
154712,Benedictine College,2012,7254227,67,8938
154721,Bethany College,2012,1874316,54,41349
154749,Bethel College-North Newton,2012,5607849,50,28931
154837,Central Baptist Theological Seminary,2012,2886401,13,
154855,Central Christian College of Kansas,2012,1052075,77,16579
155007,Donnelly College,2012,1066434,50,16569
155070,Barclay College,2012,1248049,49,3042
155089,Friends University,2012,2830000,95,17565
155335,Newman University,2012,1550519,82,8163
155414,Kansas Wesleyan University,2012,2279788,77,23015
155496,Manhattan Christian College,2012,1351130,62,7093
155511,McPherson College,2012,2904739,57,51798
155520,MidAmerica Nazarene University,2012,11155485,57,3419
155627,Ottawa University-Ottawa,2012,4453744,87,4655
155636,Ottawa University-Kansas City,2012,,87,2258
155812,University of Saint Mary,2012,2950115,69,12733
155900,Southwestern College,2012,1654411,85,11890
155937,Sterling College,2012,1266750,70,21922
155973,Tabor College,2012,2825211,64,8944
156189,Alice Lloyd College,2012,4381476,36,50004
156213,Asbury University,2012,4343976,77,21430
156222,Asbury Theological Seminary,2012,33962948,26,117699
156286,Bellarmine University,2012,4945289,92,12036
156295,Berea College,2012,10595110,7,575118
156356,Brescia University,2012,907267,86,15569
156365,Campbellsville University,2012,2883747,78,3538
156408,Centre College,2012,7578499,103,159474
156417,Clear Creek Baptist Bible College,2012,1692579,19,104103
156541,University of the Cumberlands,2012,9486792,71,22471
156727,Frontier Nursing University,2012,2042182,84,4159
156745,Georgetown College,2012,3670860,74,27270
157030,Kentucky Mountain Bible College,2012,573849,38,27919
157076,Kentucky Wesleyan College,2012,1887628,36,40034
157100,Kentucky Christian University,2012,2501699,37,10241
157207,Lexington Theological Seminary,2012,1361389,14,433701
157216,Lindsey Wilson College,2012,6040850,73,5522
157298,Louisville Presbyterian Theological Seminary,2012,1654959,25,361302
157359,Mid-Continent University,2012,270641,96,2367
157377,Midway College,2012,2778690,82,7909
157535,University of Pikeville,2012,1712757,79,11641
157632,Saint Catharine College,2012,1952348,77,535
157757,Spalding University,2012,2080307,90,5923
157809,Thomas More College,2012,1482531,87,9309
157818,Transylvania University,2012,5974981,53,109468
157863,Union College,2012,1301439,72,15090
158477,Centenary College of Louisiana,2012,6108763,53,139753
158802,Dillard University,2012,4060945,26,39114
159568,Louisiana College,2012,3611360,52,21285
159656,Loyola University New Orleans,2012,4000172,77,53427
160029,Notre Dame Seminary Graduate School of Theology,2012,4466263,13,20116
160065,Our Lady of Holy Cross College,2012,614838,72,30010
160074,Our Lady of the Lake College,2012,505701,63,6139
160409,Saint Joseph Seminary College,2012,402706,39,21051
160755,Tulane University of Louisiana,2012,62596000,48,75303
160904,Xavier University of Louisiana,2012,9194676,42,43153
160959,College of the Atlantic,2012,6829129,50,95977
160977,Bates College,2012,11393009,84,123166
161004,Bowdoin College,2012,22011000,50,504678
161086,Colby College,2012,14425000,71,329427
161165,Husson University,2012,2163852,90,2862
161457,University of New England,2012,3985097,85,5396
161509,Maine College of Art,2012,1145069,76,11899
161518,Saint Joseph's College of Maine,2012,499193,86,5223
161563,Thomas College,2012,1665338,79,8584
161572,Unity College,2012,10197085,45,22113
162061,Capitol College,2012,145306,81,4677
162210,Washington Adventist University,2012,785703,42,3856
162654,Goucher College,2012,11305000,67,98720
162760,Hood College,2012,6540780,76,34385
162928,Johns Hopkins University,2012,225632000,14,124124
163046,Loyola University Maryland,2012,11000964,90,28976
163295,Maryland Institute College of Art,2012,9958667,86,28803
163462,Mount St Mary's University,2012,4624739,82,18457
163532,Ner Israel Rabbinical College,2012,3076182,6,77623
163578,Notre Dame of Maryland University,2012,1881708,87,15423
163921,Sojourner-Douglass College,2012,0,56,
163976,St John's College,2012,4922330,60,130928
164085,Maryland University of Integrative Health,2012,108549,94,1203
164173,Stevenson University,2012,1044506,78,14270
164216,Washington College,2012,7516546,80,100760
164270,McDaniel College,2012,4108000,80,34804
164368,Hult International Business School,2012,0,100,
164447,American International College,2012,0,91,2498
164465,Amherst College,2012,43453789,39,849646
164474,Andover Newton Theological School,2012,565350,88,88240
164492,Anna Maria College,2012,1673930,89,526
164562,Assumption College,2012,1120615,78,30133
164580,Babson College,2012,21042387,86,72507
164614,Boston Baptist College,2012,383504,79,
164632,Bay Path College,2012,1158468,93,15575
164720,Becker College,2012,561810,91,2142
164739,Bentley University,2012,4119000,109,39761
164748,Berklee College of Music,2012,12690331,94,54868
164872,Boston Architectural College,2012,284522,91,14127
164915,Boston Graduate School of Psychoanalysis Inc,2012,56000,87,
164924,Boston College,2012,92691752,83,117557
164933,The Boston Conservatory,2012,1050717,77,13176
164988,Boston University,2012,89428686,66,37402
165015,Brandeis University,2012,38259022,54,101984
165167,Cambridge College,2012,542356,89,3397
165264,Laboure College,2012,85519,94,5449
165334,Clark University,2012,7594000,83,80932
165495,Conway School of Landscape Design,2012,94589,68,
165529,Curry College,2012,950790,96,24514
165574,Dean College,2012,1121492,126,23987
165644,Eastern Nazarene College,2012,2995609,80,13105
165662,Emerson College,2012,3255358,93,25438
165671,Emmanuel College,2012,2899264,84,28533
165699,Endicott College,2012,2867262,91,12321
165705,Episcopal Divinity School,2012,695743,,934683
165802,Fisher College,2012,169370,96,
165884,Benjamin Franklin Institute of Technology,2012,1938539,72,6165
165936,Gordon College,2012,10642368,74,13951
165945,Gordon-Conwell Theological Seminary,2012,6416157,59,43820
166018,Hampshire College,2012,10104065,75,24263
166027,Harvard University,2012,562122000,26,1208456
166045,Hebrew College,2012,1093855,51,
166054,Hellenic College-Holy Cross Greek Orthodox School of Theology,2012,2370878,26,90315
166124,College of the Holy Cross,2012,29661214,76,188304
166391,Lasell College,2012,1558915,86,17200
166452,Lesley University,2012,3891014,93,31302
166601,Marian Court College,2012,180548,92,
166656,MCPHS University,2012,1882244,97,46747
166683,Massachusetts Institute of Technology,2012,433424000,8,943093
166717,Massachusetts School of Professional Psychology,2012,398210,96,4375
166850,Merrimack College,2012,2703484,89,14130
166869,MGH Institute of Health Professions,2012,1767000,98,17811
166911,Montserrat College of Art,2012,977088,85,1623
166939,Mount Holyoke College,2012,21792349,67,231506
166948,Mount Ida College,2012,429629,97,8723
166984,School of the Museum of Fine Arts-Boston,2012,1745745,81,33029
167057,The New England Conservatory of Music,2012,13211967,61,152510
167093,New England College of Optometry,2012,372674,88,24355
167181,New England School of Acupuncture,2012,19201,78,
167215,New England School of Law,2012,355609,94,242
167251,Newbury College,2012,815493,92,1704
167260,Nichols College,2012,3452302,80,
167358,Northeastern University,2012,69721000,75,22492
167394,College of Our Lady of the Elms,2012,1465417,77,6041
167455,Pine Manor College,2012,1648280,47,19174
167464,Blessed John XXIII National Seminary,2012,1298198,54,112873
167598,Regis College,2012,1121006,88,9754
167677,Saint John's Seminary,2012,666106,28,76607
167783,Simmons College,2012,11938249,81,31404
167792,Bard College at Simon's Rock,2012,2765192,71,38268
167835,Smith College,2012,36578226,54,435513
167899,Springfield College,2012,6568283,76,14154
167996,Stonehill College,2012,3803545,103,59418
168005,Suffolk University,2012,5190237,94,15027
168148,Tufts University,2012,39162537,49,121300
168218,Wellesley College,2012,37106000,47,559034
168227,Wentworth Institute of Technology,2012,2156360,96,17452
168254,Western New England University,2012,2380889,93,13270
168281,Wheaton College,2012,12051728,76,96716
168290,Wheelock College,2012,4200498,76,30112
168342,Williams College,2012,50171614,34,812288
168421,Worcester Polytechnic Institute,2012,13965000,78,93689
168528,Adrian College,2012,2946804,77,15284
168546,Albion College,2012,6236544,81,103909
168591,Alma College,2012,4219918,67,69257
168740,Andrews University,2012,1447442,65,12106
168786,Aquinas College,2012,9867652,67,18537
168838,Baker College of Owosso,2012,,83,6623
168847,Baker College of Flint,2012,144882,83,8091
169080,Calvin College,2012,15516537,74,26650
169099,Calvin Theological Seminary,2012,2672014,14,164885
169220,Michigan School of Professional Psychology,2012,45074,99,21
169327,Cleary University,2012,513283,84,2239
169363,Concordia University-Ann Arbor,2012,1120881,77,13979
169424,Cranbrook Academy of Art,2012,1743922,76,255101
169442,College for Creative Studies,2012,7727299,66,46440
169479,Davenport University,2012,438679,96,2065
169628,Michigan State University-College of Law,2012,1374204,81,13068
169716,University of Detroit Mercy,2012,5777946,79,5113
169983,Kettering University,2012,4660257,77,32349
170000,Grace Bible College,2012,610803,46,2027
170037,Cornerstone University,2012,11135028,68,2504
170091,Great Lakes Christian College,2012,1860030,25,2733
170301,Hope College,2012,18309617,73,44799
170532,Kalamazoo College,2012,31352914,45,113451
170675,Lawrence Technological University,2012,3158839,90,10569
170806,Madonna University,2012,1110047,100,8745
170842,Marygrove College,2012,1482749,59,901
170967,Rochester College,2012,1868899,83,1274
171298,Baker College of Muskegon,2012,,83,7354
171492,Northwood University-Michigan,2012,3542146,94,7081
171599,Olivet College,2012,2531794,81,11193
171881,Kuyper College,2012,1441964,71,23601
172033,Sacred Heart Major Seminary,2012,2232811,39,28606
172264,Siena Heights University,2012,7024759,58,3984
172334,Spring Arbor University,2012,4965929,87,2331
172440,Finlandia University,2012,2449429,70,7312
172477,Thomas M Cooley Law School,2012,545046,103,4518
172608,Walsh College of Accountancy and Business Administration,2012,1117874,91,2858
172705,Western Theological Seminary,2012,7635497,11,185372
173045,Augsburg College,2012,7828556,84,7685
173142,Bethany Lutheran College,2012,5206108,57,58765
173160,Bethel University,2012,3194683,89,6086
173179,Bethel Seminary-St Paul,2012,1648413,70,
173258,Carleton College,2012,15407347,61,329080
173300,Concordia College at Moorhead,2012,10799601,74,30025
173328,Concordia University-Saint Paul,2012,3686076,83,8881
173452,Martin Luther College,2012,1521291,59,9216
173647,Gustavus Adolphus College,2012,17042307,67,42204
173665,Hamline University,2012,11601540,82,16717
173683,Hazelden Graduate School of Addiction Studies,2012,48701,80,
173896,Luther Seminary,2012,10007400,31,115164
173902,Macalester College,2012,13039000,88,313789
173957,Mayo Medical School,2012,0,68,492094
173966,Mayo School of Health Sciences,2012,0,98,372754
174127,Minneapolis College of Art and Design,2012,4765237,82,54456
174206,Crossroads College,2012,488923,56,5993
174437,North Central University,2012,1258522,76,2269
174491,University of Northwestern-St Paul,2012,14842135,71,5410
174507,Northwestern Health Sciences University,2012,530160,70,1428
174525,Oak Hills Christian College,2012,372918,84,3802
174747,College of Saint Benedict,2012,4498173,88,21099
174792,Saint Johns University,2012,5415197,69,72495
174817,Saint Mary's University of Minnesota,2012,5369323,86,9046
174844,St Olaf College,2012,14911307,89,105138
174862,Crown College,2012,1193467,86,6545
174899,The College of Saint Scholastica,2012,2227523,85,11457
174914,University of St Thomas,2012,31744219,81,35313
175005,St Catherine University,2012,5314429,89,13030
175139,United Theological Seminary of the Twin Cities,2012,2529864,30,105571
175227,Dunwoody College of Technology,2012,4413383,78,18742
175281,William Mitchell College of Law,2012,2595805,83,19461
175421,Belhaven University,2012,929161,57,1692
175430,Blue Mountain College,2012,2046614,57,20766
175980,Millsaps College,2012,5046618,75,89140
176053,Mississippi College,2012,4149692,81,13096
176318,Rust College,2012,2321431,51,21177
176336,Southeastern Baptist College,2012,106872,37,
176406,Tougaloo College,2012,3208009,33,9519
176451,Wesley Biblical Seminary,2012,763295,35,9227
176479,William Carey University,2012,1190042,88,2927
176600,Aquinas Institute of Theology,2012,353551,57,
176619,Assemblies of God Theological Seminary,2012,488614,56,7354
176628,Avila University,2012,2010007,88,5125
176664,Baptist Bible College,2012,1752047,56,346
176770,Cox College,2012,0,78,17728
176789,Calvary Bible College and Theological Seminary,2012,4580605,32,786
176910,Central Christian College of the Bible,2012,1157393,45,2636
176947,Central Methodist University-College of Liberal Arts and Sciences,2012,4041944,82,22456
177038,Cleveland University-Kansas City,2012,161478,90,15022
177065,Columbia College,2012,1521988,95,6551
177083,Conception Seminary College,2012,327274,74,38292
177092,Concordia Seminary,2012,15822106,21,228375
177117,Cottey College,2012,6902917,23,248449
177126,Covenant Theological Seminary,2012,3511433,51,40374
177144,Culver-Stockton College,2012,3226536,68,26891
177214,Drury University,2012,3151305,94,24293
177278,Eden Theological Seminary,2012,1125247,42,149681
177339,Evangel University,2012,2688044,82,4762
177418,Fontbonne University,2012,2944299,89,11775
177427,Forest Institute of Professional Psychology,2012,0,98,
177542,Hannibal-LaGrange University,2012,1719412,67,6219
177719,Barnes-Jewish College Goldfarb School of Nursing,2012,442372,93,21358
177746,Kansas City Art Institute,2012,3118978,77,68989
177816,Kenrick Glennon Seminary,2012,3010728,36,153155
177834,A T Still University of Health Sciences,2012,6872788,81,16951
177968,Lindenwood University,2012,3133167,98,10077
177986,Logan University,2012,650245,86,8350
178059,Maryville University of Saint Louis,2012,0,92,10725
178208,Midwestern Baptist Theological Seminary,2012,1805622,38,4963
178244,Missouri Baptist University,2012,709963,97,1056
178369,Missouri Valley College,2012,1035944,52,3077
178518,Nazarene Theological Seminary,2012,483523,37,58012
178679,Ozark Christian College,2012,2595803,59,4802
178697,College of the Ozarks,2012,11729078,4,195570
178721,Park University,2012,1022471,96,5664
178891,Ranken Technical College,2012,1904397,96,25563
179043,Rockhurst University,2012,3733553,90,14939
179159,Saint Louis University,2012,41975815,65,63094
179256,Saint Louis Christian College,2012,856704,55,4333
179265,St Louis College of Pharmacy,2012,724301,87,91496
179317,Saint Paul School of Theology,2012,2820426,21,178228
179326,Southwest Baptist University,2012,2787577,82,6482
179450,Saint Luke's College of Health Sciences,2012,0,78,19279
179548,Stephens College,2012,3376654,80,32803
179812,Kansas City University of Medicine and Biosciences,2012,1041917,106,4842
179867,Washington University in St Louis,2012,192292000,15,389597
179894,Webster University,2012,5961758,96,6909
179946,Westminster College,2012,2580855,56,40119
179955,William Jewell College,2012,12606903,38,58324
179964,William Woods University,2012,249023,81,9841
180106,Carroll College,2012,6086941,68,25162
180258,University of Great Falls,2012,749131,86,9885
180595,Rocky Mountain College,2012,1647832,74,19016
180647,Salish Kootenai College,2012,604782,3,11789
180814,Bellevue University,2012,1096170,95,5575
180832,Clarkson College,2012,305277,70,1781
180878,Bryan College of Health Sciences,2012,0,64,
180984,Concordia University-Nebraska,2012,6928780,66,23117
181002,Creighton University,2012,25395000,83,38136
181020,Doane College-Crete,2012,1725770,66,83941
181093,Grace University,2012,1911659,54,4783
181127,Hastings College,2012,9697129,52,51554
181297,Nebraska Methodist College of Nursing & Allied Health,2012,253950,59,7102
181330,Midland University,2012,6878300,52,8277
181376,Nebraska Christian College,2012,1120232,48,6718
181446,Nebraska Wesleyan University,2012,4456000,84,22495
181604,College of Saint Mary,2012,3174765,72,8214
181738,Union College,2012,3672145,51,17592
181853,York College,2012,4013602,46,21102
182458,Sierra Nevada College,2012,3768860,73,4749
182634,Colby-Sawyer College,2012,5402712,76,22285
182670,Dartmouth College,2012,129773840,20,558626
182795,Franklin Pierce University,2012,680178,94,2038
182829,University of New Hampshire-School of Law,2012,873276,91,52367
182980,New England College,2012,2618557,83,3716
183026,Southern New Hampshire University,2012,2272944,97,1086
183211,Rivier University,2012,491536,98,16561
183239,Saint Anselm College,2012,4901199,112,41883
183275,Thomas More College of Liberal Arts,2012,2742134,21,476
183804,Beth Medrash Govoha,2012,10980778,58,1404
183822,Bloomfield College,2012,408213,92,4769
183910,Caldwell College,2012,3618604,85,3294
183974,Centenary College,2012,734640,95,1157
184153,Cooper Health System Center for Allied Health Education,2012,0,100,
184348,Drew University,2012,4483000,92,70412
184603,Fairleigh Dickinson University-Metropolitan Campus,2012,4205985,92,3623
184612,Felician College,2012,1803580,93,2537
184694,Fairleigh Dickinson University-College at Florham,2012,,92,5468
184773,Georgian Court University,2012,2054422,90,21118
185572,Monmouth University,2012,7980145,89,9960
185758,New Brunswick Theological Seminary,2012,1331595,39,52240
186122,Princeton Theological Seminary,2012,3550493,,1689921
186131,Princeton University,2012,303505000,8,2154227
186186,Rabbinical College of America,2012,2411221,36,
186283,Rider University,2012,10715000,84,9940
186432,Saint Peter's University,2012,4908864,83,10065
186584,Seton Hall University,2012,9845000,87,26019
186618,College of Saint Elizabeth,2012,2520549,82,16622
186867,Stevens Institute of Technology,2012,10349414,70,35566
186900,Talmudical Academy-New Jersey,2012,198178,73,
188182,University of the Southwest,2012,2067467,66,9328
188207,Southwestern College,2012,17156,93,4209
188340,Vaughn College of Aeronautics and Technology,2012,162363,71,1689
188429,Adelphi University,2012,8286535,84,18290
188526,Albany College of Pharmacy and Health Sciences,2012,1537973,89,13098
188535,Albany Law School,2012,2302989,79,70337
188580,Albany Medical College,2012,10349048,14,97193
188641,Alfred University,2012,1751357,38,36157
188854,American Musical and Dramatic Academy,2012,0,93,
189015,Bank Street College of Education,2012,3589766,71,42454
189088,Bard College,2012,42714858,57,49876
189097,Barnard College,2012,16877000,70,91481
189264,Beth Hatalmud Rabbinical College,2012,1101459,14,
189273,Beth Hamedrash Shaarei Yosher Institute,2012,947696,41,
189413,Boricua College,2012,13500,90,470
189501,Brooklyn Law School,2012,5173224,86,80295
189705,Canisius College,2012,204428,88,20922
189848,Cazenovia College,2012,2398250,76,22405
189857,Central Yeshiva Tomchei Tmimim Lubavitz,2012,0,100,
189981,Christ the King Seminary,2012,806655,27,124477
190044,Clarkson University,2012,10193696,54,46462
190080,Colgate Rochester Crozer Divinity School,2012,709936,46,304556
190099,Colgate University,2012,25503005,73,234793
190114,Metropolitan College of New York,2012,508755,90,411
190150,Columbia University in the City of New York,2012,408329000,23,298827
190248,Concordia College-New York,2012,1236067,84,10838
190372,Cooper Union for the Advancement of Science and Art,2012,6685295,4,636715
190415,Cornell University,2012,480490232,28,180466
190424,Weill Cornell Medical College,2012,123294897,3,1034460
190503,Culinary Institute of America,2012,18437396,76,26887
190716,D'Youville College,2012,542492,93,10450
190725,Daemen College,2012,482650,89,2759
190761,Dominican College of Blauvelt,2012,818517,94,583
190770,Dowling College,2012,663545,96,642
190983,Elmira College,2012,2053595,92,22482
191241,Fordham University,2012,35555002,73,33220
191320,The General Theological Seminary,2012,1683581,45,143955
191515,Hamilton College,2012,20626000,95,378984
191533,Hartwick College,2012,6374021,84,36916
191597,Helene Fuld College of Nursing,2012,204300,95,2163
191621,Hilbert College,2012,702606,82,5181
191630,Hobart William Smith Colleges,2012,8112008,108,73091
191649,Hofstra University,2012,19050326,79,28466
191676,Houghton College,2012,8925198,66,29115
191931,Iona College,2012,3104000,92,12780
191968,Ithaca College,2012,9506152,99,29144
192040,Jewish Theological Seminary of America,2012,25301313,7,213604
192110,The Juilliard School,2012,39042852,30,743813
192165,Kehilath Yakov Rabbinical Seminary,2012,0,17,
192192,Keuka College,2012,1410012,86,7722
192323,Le Moyne College,2012,8450753,89,36958
192439,LIU Brooklyn,2012,3337691,93,4986
192448,LIU Post,2012,2702821,92,6501
192554,LIU Hudson at Rockland,2012,1059,98,
192563,LIU Brentwood,2012,2011,99,
192624,Machzikei Hadath Rabbinical College,2012,196162,83,
192703,Manhattan College,2012,7094699,83,16975
192712,Manhattan School of Music,2012,3578483,89,21868
192749,Manhattanville College,2012,6521055,83,4556
192785,Maria College of Albany,2012,29780,96,
192819,Marist College,2012,3272149,97,7831
192864,Marymount Manhattan College,2012,1296494,96,9476
192925,Medaille College,2012,367601,91,381
193016,Mercy College,2012,1217894,94,7020
193052,Mesivta Torah Vodaath Rabbinical Seminary,2012,1457899,12,5090
193061,Mesivta of Eastern Parkway-Yeshiva Zichron Meilech,2012,761414,32,
193070,Mesivtha Tifereth Jerusalem of America,2012,2896898,21,
193247,Mirrer Yeshiva Cent Institute,2012,3474405,26,
193292,Molloy College,2012,2946688,92,7241
193353,Mount Saint Mary College,2012,1964178,99,2722
193399,College of Mount Saint Vincent,2012,3458320,84,5046
193405,Icahn School of Medicine at Mount Sinai,2012,103111000,4,628266
193584,Nazareth College,2012,6440437,83,18936
193645,The College of New Rochelle,2012,6685969,85,5269
193654,The New School,2012,0,90,23512
193751,New York Chiropractic College,2012,302932,86,164
193821,New York Law School,2012,3145755,104,22311
193830,New York Medical College,2012,2761536,34,48727
193894,New York Theological Seminary,2012,657110,86,9332
193900,New York University,2012,358028000,47,63246
193973,Niagara University,2012,11884417,80,19058
194073,New York College of Podiatric Medicine,2012,0,64,1615
194091,New York Institute of Technology,2012,3536529,93,6394
194116,New York School of Interior Design,2012,854964,95,6320
194161,Nyack College,2012,3072983,85,3024
194189,Ohr Hameir Theological Seminary,2012,1366662,52,
194310,Pace University-New York,2012,7363019,91,10495
194392,Paul Smiths College of Arts and Science,2012,2159207,76,18534
194541,Polytechnic Institute of New York University,2012,6109000,76,30937
194569,Davis College,2012,573747,71,6938
194578,Pratt Institute-Main,2012,3927717,91,20465
194657,Rabbinical Academy Mesivta Rabbi Chaim Berlin,2012,776433,32,
194666,Rabbinical College Bobover Yeshiva Bnei Zion,2012,149246,91,
194675,Rabbinical College of Ch'san Sofer New York,2012,359565,5,
194693,Rabbinical College Beth Shraga,2012,653225,46,
194718,Rabbinical Seminary M'kor Chaim,2012,1300725,21,
194736,Rabbinical College of Long Island,2012,2036660,37,
194763,Rabbinical Seminary of America,2012,3183277,28,104
194824,Rensselaer Polytechnic Institute,2012,25079000,59,85315
194958,Roberts Wesleyan College,2012,2008112,84,11494
195003,Rochester Institute of Technology,2012,20401000,60,44790
195030,University of Rochester,2012,111805000,26,152563
195128,The Sage Colleges,2012,13505574,69,7895
195155,St Bernard's School of Theology and Ministry,2012,570685,55,66663
195164,St Bonaventure University,2012,10639415,75,21803
195173,St Francis College,2012,5669823,81,26863
195216,St Lawrence University,2012,15594645,78,96189
195234,The College of Saint Rose,2012,5624523,84,7063
195243,St Thomas Aquinas College,2012,984291,94,21972
195304,Sarah Lawrence College,2012,9554682,94,39580
195438,Sh'or Yoshuv Rabbinical College,2012,2548685,30,
195474,Siena College,2012,13437805,80,37663
195526,Skidmore College,2012,15898000,87,99495
195544,Saint Joseph's College-New York,2012,1686000,92,6867
195580,Saint Vladimirs Orthodox Theological Seminary,2012,1143252,30,261117
195720,Saint John Fisher College,2012,5496507,82,13104
195809,St John's University-New York,2012,17649199,94,20667
196413,Syracuse University,2012,60241680,82,45074
196431,Talmudical Seminary Oholei Torah,2012,457172,90,
196440,Talmudical Institute of Upstate New York,2012,534330,36,
196468,Teachers College at Columbia University,2012,8177088,61,54463
196583,Torah Temimah Talmudical Seminary,2012,1068607,64,
196592,Touro College,2012,2161000,92,130
196653,Trocaire College,2012,186777,95,8037
196680,Excelsior College,2012,579267,97,34
196866,Union College,2012,17622160,66,156997
196884,Union Theological Seminary in the City of New York,2012,824122,18,384028
197018,United Talmudical Seminary,2012,1666596,89,
197045,Utica College,2012,2613581,91,6274
197133,Vassar College,2012,36470018,51,330967
197142,Villa Maria College,2012,346452,92,2785
197197,Wagner College,2012,3788080,81,23405
197221,Webb Institute,2012,3243005,17,518567
197230,Wells College,2012,3644212,62,48540
197601,Yeshiva Karlin Stolin,2012,239167,73,
197610,Yeshivat Mikdash Melech,2012,1154649,44,
197647,Yeshiva Derech Chaim,2012,1824261,22,
197674,Yeshiva of Nitra Rabbinical College,2012,460242,80,
197692,Yeshiva Shaar Hatorah,2012,675976,59,
197708,Yeshiva University,2012,231181122,18,161482
197735,Yeshivath Viznitz,2012,0,95,6989
197744,Yeshivath Zichron Moshe,2012,2774992,30,
197911,Barton College,2012,4733348,67,21659
197984,Belmont Abbey College,2012,1937626,73,4987
197993,Bennett College,2012,2235940,39,14732
198066,Brevard College,2012,1815905,78,
198109,Cabarrus College of Health Sciences,2012,0,42,4082
198136,Campbell University,2012,15687306,69,20713
198215,Catawba College,2012,5925701,62,34180
198303,Chowan University,2012,1648450,87,17018
198385,Davidson College,2012,38627762,41,266142
198419,Duke University,2012,291472000,19,343975
198516,Elon University,2012,10007550,89,22865
198561,Gardner-Webb University,2012,4145517,79,11935
198598,Greensboro College,2012,3550118,69,18469
198613,Guilford College,2012,7949278,61,25959
198677,Heritage Bible College,2012,281656,31,1132
198695,High Point University,2012,16074859,81,8658
198747,Laurel University,2012,154762,64,3359
198756,Johnson C Smith University,2012,7346785,30,
198808,Lees-McRae College,2012,2169570,73,22200
198835,Lenoir-Rhyne University,2012,2874442,82,36384
198862,Livingstone College,2012,3636457,66,1160
198899,Mars Hill University,2012,3643474,60,29383
198950,Meredith College,2012,4679391,91,40707
198969,Methodist University,2012,3807976,84,7370
199032,Montreat College,2012,4122999,56,15075
199069,Mount Olive College,2012,6792525,70,7997
199209,North Carolina Wesleyan College,2012,1352916,84,7989
199272,William Peace University,2012,404875,80,58688
199306,Pfeiffer University,2012,1543309,86,8895
199315,Piedmont International University,2012,465600,80,1271
199412,Queens University of Charlotte,2012,6502774,71,38857
199458,Mid-Atlantic Christian University,2012,1130312,49,12903
199582,Saint Augustine's University,2012,1958448,55,11368
199607,Salem College,2012,6942708,52,45113
199643,Shaw University,2012,2066590,64,4137
199698,St Andrews University,2012,3648097,22,20204
199759,Southeastern Baptist Theological Seminary,2012,,,
199847,Wake Forest University,2012,65531000,20,140961
199865,Warren Wilson College,2012,4069608,52,55098
199962,Wingate University,2012,25412535,47,15629
199971,Carolina Christian College,2012,82445,43,
200156,University of Jamestown,2012,5826383,51,28044
200217,University of Mary,2012,2435118,90,11004
200244,Sanford College of Nursing,2012,72052,8,8226
200484,Trinity Bible College,2012,2104654,53,647
200527,Turtle Mountain Community College,2012,5505,2,2955
200554,United Tribes Technical College,2012,0,11,1167
200873,Allegheny Wesleyan College,2012,277288,26,2808
201061,Art Academy of Cincinnati,2012,207242,97,5793
201104,Ashland University,2012,6516734,85,8446
201177,Aultman College of Nursing and Health Sciences,2012,0,97,3862
201195,Baldwin Wallace University,2012,10778144,77,30781
201371,Bluffton University,2012,2634343,71,17552
201548,Capital University,2012,3293042,90,16081
201645,Case Western Reserve University,2012,59904232,28,194649
201654,Cedarville University,2012,4792643,79,5892
201821,The Christ College of Nursing and Health Sciences,2012,0,83,8665
201858,Cincinnati Christian University,2012,5000311,57,5202
201867,Cincinnati College of Mortuary Science,2012,40016,88,3016
201964,Ohio Christian University,2012,3453007,80,1717
202046,Cleveland Institute of Art,2012,7897284,53,43231
202073,Cleveland Institute of Music,2012,2417560,74,76768
202170,Columbus College of Art and Design,2012,1318591,95,6348
202480,University of Dayton,2012,17308000,63,40340
202514,Defiance College,2012,1398766,84,12666
202523,Denison University,2012,16262632,66,287461
202763,The University of Findlay,2012,5617229,77,6222
202806,Franklin University,2012,535000,94,848
202903,Gods Bible School and College,2012,1342852,36,
202912,Good Samaritan College of Nursing and Health Science,2012,108251,49,10640
203067,Hebrew Union College-Jewish Institute of Religion,2012,22436067,5,353290
203085,Heidelberg University,2012,5070775,72,24697
203128,Hiram College,2012,4981313,77,46514
203368,John Carroll University,2012,6552347,71,45841
203535,Kenyon College,2012,15967158,58,99292
203544,Kettering College,2012,5925,67,2588
203580,Lake Erie College,2012,5636289,65,24972
203757,Lourdes University,2012,5027494,65,4958
203775,Malone University,2012,2150250,91,6416
203845,Marietta College,2012,5788651,80,35259
203960,Mercy College of Ohio,2012,7675,61,10505
203997,Methodist Theological School in Ohio,2012,1313456,27,187086
204176,Mount Carmel College of Nursing,2012,0,92,
204185,University of Mount Union,2012,8070181,83,
204194,Mount Vernon Nazarene University,2012,3861872,85,6921
204200,College of Mount St Joseph,2012,2825023,87,13852
204264,Muskingum University,2012,4047377,85,27244
204468,Notre Dame College,2012,1832831,105,3818
204486,University of Northwestern Ohio,2012,595750,98,
204501,Oberlin College,2012,27742068,68,239027
204617,Ohio Dominican University,2012,798300,88,10633
204635,Ohio Northern University,2012,6839565,97,38314
204909,Ohio Wesleyan University,2012,12793817,72,89229
204936,Otterbein University,2012,5163304,93,27023
204990,Payne Theological Seminary,2012,66340,48,
205027,Pontifical College Josephinum,2012,1393345,71,136881
205124,Rabbinical College Telshe,2012,867670,27,2963
205203,University of Rio Grande,2012,1449847,59,10671
205957,Franciscan University of Steubenville,2012,3410891,92,14833
206002,Ohio Mid-Western College,2012,246916,42,
206048,Tiffin University,2012,4522269,84,1436
206154,Tri-State Bible College,2012,77319,35,
206215,Trinity Lutheran Seminary,2012,2849546,14,261657
206279,Union Institute & University,2012,154002,96,563
206288,United Theological Seminary,2012,1652881,63,7937
206330,Urbana University,2012,823351,92,2530
206349,Ursuline College,2012,1350861,92,15923
206437,Walsh University,2012,1354318,92,4770
206491,Wilberforce University,2012,1187974,53,17447
206507,Wilmington College,2012,2348681,80,20792
206516,Winebrenner Theological Seminary,2012,1247834,28,14810
206525,Wittenberg University,2012,10128295,71,44901
206589,The College of Wooster,2012,10272336,81,112541
206622,Xavier University,2012,14929053,79,18388
206817,Bacone College,2012,815305,36,6958
206835,Oklahoma Wesleyan University,2012,4584713,66,3703
206862,Southern Nazarene University,2012,4720607,74,10720
207157,Hillsdale Free Will Baptist College,2012,1310107,54,1703
207324,Oklahoma Christian University,2012,11609242,54,29458
207403,Oklahoma Baptist University,2012,4397370,57,54840
207458,Oklahoma City University,2012,8690211,97,23147
207582,Oral Roberts University,2012,30073740,43,13183
207689,Saint Gregory's University,2012,3383521,54,16427
207856,Southwestern Christian University,2012,306789,88,3177
207971,University of Tulsa,2012,43256245,41,202845
208488,Concordia University-Portland,2012,0,98,2809
208725,New Hope Christian College-Eugene,2012,1013325,53,18584
208822,George Fox University,2012,6458711,93,5630
209056,Lewis & Clark College,2012,15179074,103,49584
209065,Linfield College-McMinnville Campus,2012,3117347,91,35083
209108,Marylhurst University,2012,1622086,91,12410
209241,Mount Angel Seminary,2012,26330,38,124511
209287,Multnomah University,2012,2330000,83,8380
209296,National College of Natural Medicine,2012,945867,90,698
209409,Northwest Christian University,2012,723514,75,19061
209533,Oregon College of Art and Craft,2012,856811,68,30356
209603,Pacific Northwest College of Art,2012,5831629,56,28146
209612,Pacific University,2012,2345734,90,16531
209825,University of Portland,2012,11136000,82,25890
209922,Reed College,2012,28552676,46,294694
210304,Warner Pacific College,2012,1693233,86,7089
210331,Corban University,2012,2649629,72,1760
210368,Western Seminary,2012,393238,86,2667
210401,Willamette University,2012,10178000,101,68664
210438,University of Western States,2012,25491,92,3316
210492,Bryn Athyn College of the New Church,2012,1622995,66,219767
210508,Academy of Vocal Arts,2012,2073901,0,
210571,Albright College,2012,5202965,83,21598
210669,Allegheny College,2012,9051596,79,71159
210739,DeSales University,2012,2683446,87,16917
210775,Alvernia University,2012,1776250,94,7604
211024,Baptist Bible College & Seminary of Pennsylvania,2012,1547336,85,2581
211088,Arcadia University,2012,2351000,99,14784
211130,Biblical Theological Seminary,2012,770141,73,5047
211273,Bryn Mawr College,2012,13200000,79,360818
211291,Bucknell University,2012,26056000,84,161732
211352,Cabrini College,2012,2512860,91,4687
211370,Calvary Baptist Theological Seminary,2012,838586,27,35799
211431,Carlow University,2012,8584705,77,7984
211440,Carnegie Mellon University,2012,120112648,43,89986
211468,Cedar Crest College,2012,3792451,77,14252
211556,Chatham University,2012,4300663,87,28045
211583,Chestnut Hill College,2012,3225135,85,3077
211893,Curtis Institute of Music,2012,3134985,5,505160
211981,Delaware Valley College,2012,1760966,89,14777
212009,Dickinson College,2012,10822573,76,129137
212054,Drexel University,2012,50554000,60,23788
212106,Duquesne University,2012,12262000,84,18529
212133,Eastern University,2012,3352109,85,5890
212197,Elizabethtown College,2012,3987585,89,25860
212443,Evangelical Theological Seminary,2012,789257,48,25419
212452,Faith Theological Seminary,2012,,,
212577,Franklin and Marshall College,2012,15611849,83,110980
212601,Gannon University,2012,2594000,86,11165
212656,Geneva College,2012,1980218,91,15365
212674,Gettysburg College,2012,14055301,91,85343
212771,Gratz College,2012,914591,61,2085
212832,Gwynedd Mercy University,2012,2754000,90,6805
212911,Haverford College,2012,24921519,61,309215
212984,Holy Family University,2012,770888,92,4766
213011,Immaculata University,2012,3814930,90,3591
213251,Juniata College,2012,10042795,67,50832
213303,Keystone College,2012,1008109,92,3759
213321,King's College,2012,4589632,85,19997
213358,La Roche College,2012,245365,86,3488
213367,La Salle University,2012,7448963,88,12891
213385,Lafayette College,2012,24050570,65,249715
213400,Lancaster Bible College,2012,2874557,76,11067
213446,Lancaster Theological Seminary,2012,554595,35,138963
213507,Lebanon Valley College,2012,2498681,88,24845
213543,Lehigh University,2012,34208000,72,160160
213631,Lutheran Theological Seminary at Gettysburg,2012,3218391,21,231441
213640,Lutheran Theological Seminary at Philadelphia,2012,2417425,19,121177
213668,Lycoming College,2012,5247383,81,108244
213826,Marywood University,2012,7150619,84,12391
213987,Mercyhurst University,2012,2647939,72,8197
213996,Messiah College,2012,2907453,88,39331
214069,Misericordia University,2012,4144944,92,10065
214148,Moore College of Art and Design,2012,1196506,87,24996
214157,Moravian College,2012,5947683,82,49479
214166,Mount Aloysius College,2012,1283832,89,13254
214175,Muhlenberg College,2012,7573551,97,53438
214272,Neumann University,2012,520481,92,7608
214564,Salus University,2012,963506,75,23377
214883,Peirce College,2012,230770,93,116
214971,Pennsylvania Academy of the Fine Arts,2012,4352896,45,34684
215053,Pennsylvania College of Art and Design,2012,588309,86,4788
215062,University of Pennsylvania,2012,387644000,32,276355
215099,Philadelphia University,2012,13164941,78,6240
215105,The University of the Arts,2012,169222,73,18631
215114,Cairn University-Langhorne,2012,2643213,82,8964
215123,Philadelphia College of Osteopathic Medicine,2012,0,76,66319
215132,University of the Sciences,2012,2729812,89,54791
215424,Pittsburgh Theological Seminary,2012,5374065,,689611
215442,Point Park University,2012,228007,90,7861
215619,Reconstructionist Rabbinical College,2012,4573217,5,536879
215628,Reformed Presbyterian Theological Seminary,2012,697971,33,23404
215655,Robert Morris University,2012,1896430,87,5342
215691,Rosemont College,2012,7259471,58,17273
215743,Saint Francis University,2012,3230590,74,13821
215770,Saint Joseph's University,2012,11072022,90,25139
215798,Saint Vincent College,2012,9472037,65,35132
215813,Saint Vincent Seminary,2012,,65,44035
215929,University of Scranton,2012,3197241,95,20134
215947,Seton Hill University,2012,2281701,81,13563
216047,Saint Charles Borromeo Seminary-Overbrook,2012,0,38,74984
216278,Susquehanna University,2012,1979589,77,48066
216287,Swarthmore College,2012,18908000,41,957072
216311,Talmudical Yeshiva of Philadelphia,2012,1896518,41,
216357,Thiel College,2012,3170105,75,22358
216366,Thomas Jefferson University,2012,13872813,42,74250
216463,Trinity Episcopal School for Ministry,2012,1895403,18,144077
216524,Ursinus College,2012,3474980,86,69134
216542,Valley Forge Christian College,2012,3180906,77,2402
216597,Villanova University,2012,26686054,93,35475
216667,Washington & Jefferson College,2012,13863456,67,72145
216694,Waynesburg University,2012,2354722,87,21631
216807,Westminster College,2012,8071399,78,52750
216816,Westminster Theological Seminary,2012,3184946,46,20074
216852,Widener University-Main Campus,2012,3938358,94,12640
216931,Wilkes University,2012,3537232,90,8532
217013,Wilson College,2012,5406813,83,110982
217040,Yeshivath Beth Moshe,2012,1395955,42,
217059,York College Pennsylvania,2012,4525474,92,11919
217156,Brown University,2012,163484000,39,300964
217165,Bryant University,2012,6876000,91,39194
217235,Johnson & Wales University-Providence,2012,4822506,95,13136
217305,New England Institute of Technology,2012,411079,86,39099
217402,Providence College,2012,21298922,81,38132
217493,Rhode Island School of Design,2012,7629519,114,112523
217518,Roger Williams University,2012,936000,95,13353
217536,Salve Regina University,2012,2083000,93,18989
217606,Northpoint Bible College,2012,2888155,51,1427
217624,Allen University,2012,1639148,55,473
217633,Anderson University,2012,2927843,85,
217688,Charleston Southern University,2012,1565631,88,4200
217721,Benedict College,2012,1457926,73,6259
217776,Southern Wesleyan University,2012,2802265,83,2405
217873,Claflin University,2012,3181175,54,9622
217891,Clinton College,2012,115939,20,3279
217907,Coker College,2012,3792432,77,25370
217925,Columbia International University,2012,6033424,59,4753
217934,Columbia College,2012,2735404,79,17219
217961,Converse College,2012,4627924,57,52382
217998,Erskine College,2012,2341590,81,57102
218070,Furman University,2012,26221768,66,180179
218238,Limestone College,2012,1771899,91,4686
218265,Lenoir-Rhyne University-Lutheran Theological Southern Seminary,2012,2001124,27,173695
218399,Morris College,2012,1425056,51,11189
218414,Newberry College,2012,0,80,20802
218441,North Greenville University,2012,6653053,70,7251
218539,Presbyterian College,2012,5504289,65,59086
218751,Sherman College of Straight Chiropractic,2012,211644,88,2619
218919,Voorhees College,2012,0,42,7939
218973,Wofford College,2012,10435686,77,90154
219000,Augustana College,2012,7004733,67,28615
219091,Dakota Wesleyan University,2012,2503612,68,28413
219198,Mount Marty College,2012,1262802,83,15830
219240,Sioux Falls Seminary,2012,1363887,44,11633
219295,Presentation College,2012,2514048,68,16994
219374,Sinte Gleska University,2012,0,13,4545
219383,University of Sioux Falls,2012,4242607,71,15928
219505,American Baptist College,2012,264054,71,24561
219578,Aquinas College,2012,251401,81,17726
219639,Baptist Memorial College of Health Sciences,2012,0,80,18183
219709,Belmont University,2012,5526592,94,12549
219718,Bethel University,2012,3561170,87,929
219790,Bryan College-Dayton,2012,2076663,84,4161
219806,Carson-Newman University,2012,9986442,67,25608
219833,Christian Brothers University,2012,3696136,51,12690
219842,Pentecostal Theological Seminary,2012,129384,48,95032
219949,Cumberland University,2012,1569966,80,6472
219976,Lipscomb University,2012,9922702,86,13884
220136,Emmanuel Christian Seminary,2012,2893932,14,49810
220181,Fisk University,2012,2626693,29,21727
220206,Welch College,2012,1846554,50,6294
220215,Freed-Hardeman University,2012,9603106,67,18812
220312,Hiwassee College,2012,676021,56,42037
220473,Johnson University,2012,4109630,64,129623
220516,King University,2012,1267180,91,12833
220598,Lane College,2012,722574,71,2091
220604,Le Moyne-Owen College,2012,2155790,57,12516
220613,Lee University,2012,3583303,79,3236
220631,Lincoln Memorial University,2012,1479473,95,8106
220701,Martin Methodist College,2012,745623,83,11892
220710,Maryville College,2012,2836006,68,50480
220792,Meharry Medical College,2012,0,18,210652
220808,Memphis College of Art,2012,1872210,48,10945
220871,Memphis Theological Seminary,2012,832633,61,41654
220996,Middle Tennessee School of Anesthesia Inc,2012,282466,70,88
221014,Milligan College,2012,7141899,72,15040
221254,O'More College of Design,2012,214702,94,
221351,Rhodes College,2012,7828394,74,138313
221519,Sewanee-The University of the South,2012,16852820,58,182466
221661,Southern Adventist University,2012,4280630,77,8161
221670,Southern College of Optometry,2012,0,61,15641
221731,Tennessee Wesleyan College,2012,1300122,85,8599
221856,Tennessee Temple University,2012,1148835,80,979
221892,Trevecca Nazarene University,2012,4778189,82,8810
221953,Tusculum College,2012,4376825,73,8778
221971,Union University,2012,9364045,80,7410
221999,Vanderbilt University,2012,82599240,24,286473
222178,Abilene Christian University,2012,18874006,64,73370
222877,Arlington Baptist College,2012,435884,52,
222983,Austin College,2012,3805477,83,95185
223001,Austin Presbyterian Theological Seminary,2012,5439253,4,720988
223117,Baptist Missionary Association Theological Seminary,2012,1061443,16,16387
223223,Baylor College of Medicine,2012,0,1,484760
223232,Baylor University,2012,99864000,65,62914
223463,Remington College-Dallas Campus,2012,0,99,
224004,Concordia University-Texas,2012,2518315,82,8256
224226,Dallas Baptist University,2012,5912849,82,7451
224244,Dallas Christian College,2012,1358374,63,669
224305,Dallas Theological Seminary,2012,18252937,40,18558
224323,University of Dallas,2012,3165836,94,20436
224527,East Texas Baptist University,2012,3528336,71,55983
225201,Hallmark College,2012,,,
225247,Hardin-Simmons University,2012,3962343,74,57047
225399,Houston Baptist University,2012,3287112,103,34599
225548,Howard Payne University,2012,2367231,66,44202
225575,Huston-Tillotson University,2012,3035852,57,11432
225627,University of the Incarnate Word,2012,6850091,87,13945
225885,Jarvis Christian College,2012,962409,15,45079
226231,LeTourneau University,2012,9300059,74,4322
226383,Lubbock Christian University,2012,7008701,61,7620
226471,University of Mary Hardin-Baylor,2012,12073160,76,21553
226587,McMurry University,2012,3811498,62,47071
227243,Northwood University-Texas,2012,,94,6312
227289,Oblate School of Theology,2012,5409968,17,103225
227331,Our Lady of the Lake University,2012,1774645,82,11292
227429,Paul Quinn College,2012,716247,52,30664
227757,Rice University,2012,108346000,24,696316
227845,Saint Edward's University,2012,19151795,80,13028
227863,University of St Thomas,2012,12144408,70,25438
228042,Schreiner University,2012,3544638,79,47328
228149,St Mary's University,2012,3594859,87,35522
228194,South Texas College of Law,2012,961639,80,29578
228246,Southern Methodist University,2012,97593000,55,117226
228325,Southwestern Assemblies of God University,2012,14783705,56,3944
228343,Southwestern University,2012,15067706,65,181217
228468,Southwestern Adventist University,2012,1376680,62,9685
228486,Southwestern Christian College,2012,1428224,17,
228866,Texas Chiropractic College Foundation Inc,2012,126531,84,16462
228875,Texas Christian University,2012,44806953,89,122047
228884,Texas College,2012,792038,58,1984
228981,Texas Lutheran University,2012,4059168,76,63490
229160,Texas Wesleyan University,2012,2755200,93,9963
229267,Trinity University,2012,8331471,80,363604
229780,Wayland Baptist University,2012,8938358,75,12198
229887,Wiley College,2012,4386707,50,8096
230038,Brigham Young University-Provo,2012,66886982,22,27615
230047,Brigham Young University-Hawaii,2012,5164000,14,22408
230621,Stevens-Henager College-Ogden,2012,,,
230630,Stevens-Henager College of Business-Provo,2012,,,
230807,Westminster College,2012,6396703,87,19969
230816,Bennington College,2012,8584709,61,19583
230825,Burlington College,2012,196646,87,11
230852,Champlain College,2012,2219223,94,3919
230889,Goddard College,2012,272987,88,1275
230898,Green Mountain College,2012,1079578,83,
230940,Marlboro College,2012,3266058,70,107033
230959,Middlebury College,2012,40306000,67,250020
230995,Norwich University,2012,5669000,96,44680
231059,Saint Michael's College,2012,5106970,88,29637
231068,SIT Graduate Institute,2012,2999398,42,97792
231077,College of St Joseph,2012,286999,88,15818
231086,Southern Vermont College,2012,816175,79,3507
231095,Sterling College,2012,718635,40,7226
231147,Vermont Law School,2012,2329920,82,12771
231420,Averett University,2012,2857579,78,27556
231554,Bluefield College,2012,3627797,65,7141
231581,Bridgewater College,2012,3524277,78,36142
231651,Regent University,2012,2680000,96,42256
231837,Jefferson College of Health Sciences,2012,1187122,78,1812
232025,Emory & Henry College,2012,7522181,63,88705
232043,Eastern Mennonite University,2012,4822784,67,14209
232089,Ferrum College,2012,2917324,87,27650
232256,Hampden-Sydney College,2012,7175136,55,119433
232265,Hampton University,2012,33902113,43,42725
232308,Hollins University,2012,11277246,49,137180
232557,Liberty University,2012,14159605,91,1029
232609,Lynchburg College,2012,3683973,93,27954
232672,Mary Baldwin College,2012,17792448,48,20002
232706,Marymount University,2012,2181600,90,7014
232885,Sentara College of Health Sciences,2012,0,70,4868
233295,Randolph-Macon College,2012,10024450,60,96208
233301,Randolph College,2012,5733214,74,232824
233356,Bon Secours Memorial College of Nursing,2012,214160,21,
233374,University of Richmond,2012,12028000,49,443395
233426,Roanoke College,2012,5860637,80,52143
233541,Shenandoah University,2012,3112898,86,13929
233611,Southern Virginia University,2012,2333924,77,833
233718,Sweet Briar College,2012,6335842,63,129748
233842,Union Presbyterian Seminary,2012,8691187,10,692577
233912,Virginia Intermont College,2012,8500041,42,7906
234137,Virginia University of Lynchburg,2012,425070,30,688
234164,Virginia Union University,2012,3418917,73,15548
234173,Virginia Wesleyan College,2012,3752293,105,34669
234207,Washington and Lee University,2012,34011000,35,604482
234915,City University of Seattle,2012,115372,95,
235024,Cornish College of the Arts,2012,3720773,90,7084
235316,Gonzaga University,2012,14393322,86,18953
235422,Heritage University,2012,1039657,60,10970
235547,Bastyr University,2012,561861,73,3259
235769,Trinity Lutheran College,2012,1062750,49,21397
236133,Northwest University,2012,1240461,92,3004
236230,Pacific Lutheran University,2012,7266883,81,20090
236328,University of Puget Sound,2012,15850000,76,92732
236452,Saint Martin's University,2012,5845822,70,8230
236577,Seattle Pacific University,2012,3173000,77,11599
236595,Seattle University,2012,14130316,88,25427
236896,Walla Walla University,2012,2395576,79,9304
237057,Whitman College,2012,13948210,83,262930
237066,Whitworth University,2012,10089653,77,37437
237118,Alderson Broaddus University,2012,12041030,34,15816
237136,Appalachian Bible College,2012,2388076,36,6209
237181,Bethany College,2012,2584698,69,54413
237312,University of Charleston,2012,4706615,74,23930
237358,Davis & Elkins College,2012,3099556,61,34799
237640,Ohio Valley University,2012,3859760,48,2678
237905,West Virginia University Hospital Departments of Rad Tech and Nutrition,2012,0,100,
237969,West Virginia Wesleyan College,2012,3146477,81,24746
238078,Wheeling Jesuit University,2012,2789345,62,15079
238193,Alverno College,2012,9233924,77,9992
238324,Bellin College,2012,503448,87,35950
238333,Beloit College,2012,9697629,71,83422
238430,Cardinal Stritch University,2012,654289,85,3674
238458,Carroll University,2012,10066906,78,12084
238476,Carthage College,2012,1130662,89,16451
238573,Columbia College of Nursing,2012,0,43,
238616,Concordia University-Wisconsin,2012,4799550,91,8767
238661,Edgewood College,2012,2721112,95,13082
238980,Lakeland College,2012,1938662,81,4883
239017,Lawrence University,2012,12699242,74,127084
239071,Maranatha Baptist University,2012,758186,90,256
239080,Marian University,2012,1733629,92,3204
239105,Marquette University,2012,40801000,70,36473
239169,Medical College of Wisconsin,2012,19197000,15,386933
239309,Milwaukee Institute of Art & Design,2012,789710,92,3379
239318,Milwaukee School of Engineering,2012,28250354,49,17686
239390,Mount Mary University,2012,1251769,75,8103
239424,Nashotah House,2012,1868461,20,110510
239503,Northland International University,2012,903400,78,690
239512,Northland College,2012,3187241,55,32837
239628,Ripon College,2012,8178772,63,58894
239637,Sacred Heart School of Theology,2012,4815238,24,81076
239716,Saint Norbert College,2012,18010438,68,30929
239743,Silver Lake College of the Holy Family,2012,6866068,33,13454
240107,Viterbo University,2012,2967157,89,10745
240213,Wisconsin School of Professional Psychology,2012,9329,94,
240338,Wisconsin Lutheran College,2012,7630531,57,17194
243744,Stanford University,2012,927121000,9,1124105
243823,Parker University,2012,511912,88,21052
244190,Widener University-Delaware Campus,2012,,94,13817
244233,City College-Fort Lauderdale,2012,0,94,33
245652,St John's College,2012,2731465,63,
245731,Yeshiva and Kollel Harbotzas Torah,2012,233832,43,
245777,Bais Medrash Elyon,2012,849671,7,
245838,Antioch University-Los Angeles,2012,,89,2021
245847,Antioch University-Santa Barbara,2012,,89,2168
245865,Antioch University-New England,2012,,89,1883
245883,Antioch University-Seattle,2012,,89,2231
245892,Antioch University-Midwest,2012,,89,2272
245953,Mid-America Christian University,2012,3736723,65,1510
246345,Houston Graduate School of Theology,2012,49809,96,
246789,Unification Theological Seminary,2012,2758,14,20000
247162,Ecumenical Theological Seminary,2012,256350,69,17
247649,Landmark College,2012,1139872,87,31458
247773,Yeshiva Gedolah of Greater Detroit,2012,470648,30,
247825,Austin Graduate School of Theology,2012,648837,25,103153
260947,Christian Life College,2012,103583,56,
260956,Knowledge Systems Institute,2012,0,94,
262022,Bethel Seminary-San Diego,2012,2698099,36,
262086,Brandman University,2012,3001904,96,
363712,Yeshivah Gedolah Rabbinical College,2012,243200,25,
365426,Mayo Graduate School,2012,0,0,364034
366003,South Florida Bible College and Theological Seminary,2012,42536,77,
366368,New York Academy of Art,2012,1758324,63,2611
366793,Baptist Theological Seminary at Richmond,2012,910467,45,55953
367839,Colorado Heights University,2012,0,64,
367884,Hodges University,2012,772365,98,1807
369002,Massachusetts School of Law,2012,0,100,
369659,Oregon College of Oriental Medicine,2012,162099,79,
369817,Bethel Seminary of the East,2012,180344,68,
372958,Remington College-Honolulu Campus,2012,0,100,
373827,New England School of Communications,2012,356655,94,
374024,Adler Graduate School,2012,3620,100,
375230,Yeshiva Gedolah Imrei Yosef D'spinka,2012,104170,88,
381459,Phoenix Seminary,2012,1329988,46,11384
381617,Baker College of Port Huron,2012,,83,8433
384254,Beacon College,2012,405962,91,316
384306,Acupuncture and Integrative Medicine College-Berkeley,2012,101500,78,
384421,Rabbi Jacob Joseph School,2012,789389,39,
385619,Everglades University,2012,0,98,
388520,College of Biblical Studies-Houston,2012,3857558,34,4561
392840,Watkins College of Art Design & Film,2012,1060593,79,6641
399911,Soka University of America,2012,10492000,27,2280863
401223,World Mission University,2012,171492,60,
401250,Yo San University of Traditional Chinese Medicine,2012,278190,57,
402828,Widener University-Harrisburg Campus,2012,,94,9256
404073,Baker College of Auburn Hills,2012,,83,7188
404082,Baker College of Clinton Township,2012,,83,7028
404648,Baker College of Cadillac,2012,,83,7101
405058,Yeshivas Novominsk,2012,1713086,57,
405854,Rabbinical College of Ohr Shimon Yisroel,2012,548409,53,
406200,Wright Career College,2012,0,100,
406547,City College-Gainesville,2012,,94,32
407629,Lake Erie College of Osteopathic Medicine,2012,789078,93,302
409254,Erikson Institute,2012,4469188,18,233165
409616,Roger Williams University School of Law,2012,224000,99,24408
412599,Remington College-Memphis Campus,2012,0,100,
413617,College of Menominee Nation,2012,0,18,
414160,Baker College of Jackson,2012,,83,4782
414708,Baker College Center for Graduate Studies,2012,,83,5441
414823,Johnson & Wales University-North Miami,2012,,95,14156
414878,Trine University-Regional/Non-Traditional Campuses,2012,,68,6234
414966,Phillips Theological Seminary,2012,3638614,6,377086
417345,Augusta Area Dietetic Internship-University Hospital,2012,0,100,
417752,Messenger College,2012,264874,3,7829
418126,New York College of Health Professions,2012,2300000,71,
420246,Southwest College of Naturopathic Medicine & Health Sciences,2012,890406,75,97
420325,Yeshiva D'monsey Rabbinical College,2012,282098,51,
420705,Bakke Graduate University,2012,629654,71,
423643,Midwestern University-Glendale,2012,653610,90,169
426314,Embry-Riddle Aeronautical University-Worldwide,2012,,91,2281
428259,Ottawa University-Milwaukee,2012,,87,3866
430591,American College of Traditional Chinese Medicine,2012,57940,96,
430810,New Hampshire Institute of Art,2012,701106,99,53548
431594,Massachusetts General Hospital Dietetic Internship,2012,0,80,
431983,Yeshiva of the Telshe Alumni,2012,6159493,16,
432348,Appalachian School of Law,2012,1404262,85,15790
432357,LIU Hudson at Westchester,2012,116,99,
433387,Western Governors University,2012,158465,97,
434034,National Labor College,2012,2634451,11,97
434414,Michigan Jewish Institute,2012,3240,99,
434539,City College-Miami,2012,,94,35
434937,Yeshiva College of the Nations Capital,2012,775303,17,872
436021,Montessori Institute of Milwaukee,2012,0,100,
436614,International Baptist College and Seminary,2012,217048,75,
437316,Linfield College-School of Nursing,2012,,91,27406
438151,Stevens-Henager College-Murray,2012,,,
439288,Johnson & Wales University-Denver,2012,,95,14054
439446,Atlantic Institute of Oriental Medicine,2012,0,84,
439613,Crossroads Bible College,2012,576112,73,
439701,King's University,2012,1999324,59,7176
439783,New York College of Traditional Chinese Medicine,2012,60019,95,
439817,Northeastern Seminary,2012,423224,52,33356
440004,Upper Valley Educators Institute,2012,20827,78,
440031,Keck Graduate Institute,2012,3198506,32,323385
440411,Marlboro College-Graduate School,2012,,70,31362
440794,Pillar College,2012,420230,89,
441104,Richmont Graduate University,2012,587992,77,4891
441131,The Seattle School of Theology & Psychology,2012,1064282,72,
441478,National Graduate School of Quality Management,2012,0,100,
441511,Apex School of Theology,2012,284673,0,
441609,Yeshiva Shaarei Torah of Rockland,2012,649435,48,
441982,Franklin W Olin College of Engineering,2012,1448000,,1034287
442064,Won Institute of Graduate Studies,2012,167658,65,50702
442295,Ave Maria School of Law,2012,543375,88,1131
442356,Pennsylvania College of Health Sciences,2012,304806,56,1536
442806,Edward Via College of Osteopathic Medicine,2012,718956,95,
442897,Ottawa University-Jeffersonville,2012,,87,2803
442949,Birthingway College of Midwifery,2012,702,78,
443030,NorthShore University HealthSystem School of Nurse Anesthesia,2012,0,95,
443049,Faith Evangelical College & Seminary,2012,93966,83,
443058,Family of Faith College,2012,266396,12,
443076,Hood Theological Seminary,2012,1963760,44,66847
443340,Williamson Christian College,2012,28663,72,
443702,Bexley Hall Episcopal Seminary,2012,112930,32,263568
444103,Byzantine Catholic Seminary of Saints Cyril and Methodius,2012,373210,33,
444167,Baker College of Allen Park,2012,,83,5158
444398,Baptist University of the Americas,2012,1664351,14,11571
444413,Beis Medrash Heichal Dovid,2012,616511,48,
444778,New Life Theological Seminary,2012,187701,55,
444990,Flagler College-Tallahassee,2012,0,100,
445267,Central Methodist University-College of Graduate and Extended Studies,2012,,82,5319
445708,Johnson & Wales University-Charlotte,2012,,95,14385
445735,Roseman University of Health Sciences,2012,461706,92,9535
445869,Institute for the Psychological Sciences,2012,1596142,42,1312
446048,Ave Maria University,2012,15245916,27,2734
446233,Ecclesia College,2012,225273,68,26
446394,Maple Springs Baptist Bible College and Seminary,2012,25010,65,
446604,Uta Mesivta of Kiryas Joel,2012,1051640,91,
446640,Harrisburg University of Science and Technology,2012,1590104,51,
446677,Stevens-Henager College-Logan,2012,,,
446932,Union Graduate College,2012,371766,86,2819
447953,SUM Bible College and Theological Seminary,2012,282100,84,
448284,Doane College-Lincoln Grand Island and Master,2012,0,100,
448309,Shorter University-College of Adult & Professional Programs,2012,0,100,
448752,College America-Colorado Springs,2012,,,
448761,College America-Fort Collins,2012,,,
448804,The Robert B Miller College,2012,722,48,25
449348,Huntsville Bible College,2012,183599,28,
449579,Hawaii College of Oriental Medicine,2012,0,76,
449658,Bais Medrash Toras Chesed,2012,389801,40,
449764,Visible Music College,2012,0,76,
449870,University of the West,2012,627323,14,67836
449922,Appalachian College of Pharmacy,2012,103469,98,2712
449931,Averett University-Non-Traditional Programs,2012,0,100,
450304,Brite Divinity School,2012,2980428,,345430
450766,LIU Riverhead,2012,7325,83,
451079,Academy for Five Element Acupuncture,2012,9026,98,
451370,Yeshivas Be'er Yitzchok,2012,549820,44,
451398,Yeshiva Toras Chaim,2012,229285,92,
451404,Talmudical Seminary of Bobov,2012,841416,63,
451705,College America-Cheyenne,2012,,,
454184,The Kings College,2012,11079065,30,1093
454582,Ottawa University-Online,2012,,87,16119
454838,Institute of Taoist Education and Acupuncture,2012,16701,96,
455099,Urshan Graduate School of Theology,2012,804141,23,
455257,Yeshiva of Machzikai Hadas,2012,233850,89,
455406,Pacific Northwest University of Health Sciences,2012,4247632,74,
455433,The Chicago School of Professional Psychology at Irvine,2012,,99,1190
455664,The Chicago School of Professional Psychology at Los Angeles,2012,,99,1631
455682,The Chicago School of Professional Psychology at Westwood,2012,,99,1679
455770,Providence Christian College,2012,2709016,26,286
455804,Institute of World Politics,2012,2392466,50,23740
455813,Pontifical John Paul II Institute for Studies on Marriage and Family,2012,4498,2,30518
455992,Vermont College of Fine Arts,2012,557697,90,1269
456481,Polytechnic University of Puerto Rico-Miami,2012,0,100,
456490,Polytechnic University of Puerto Rico-Orlando,2012,0,99,
456542,The Commonwealth Medical College,2012,13693606,32,2807
457183,Remington College of Nursing Orlando,2012,0,100,
457226,Horizon University,2012,8650,51,
457271,Academy for Jewish Religion-California,2012,484857,66,
457402,University of Fort Lauderdale,2012,0,31,
457484,New Hope Christian College-Honolulu,2012,410590,63,
457697,City Vision College,2012,0,41,
458113,Bethel College,2012,53316,49,230
458159,Bainbridge Graduate Institute,2012,399442,89,
459417,Compass College of Cinematic Arts,2012,114157,68,
459727,Touro University Worldwide,2012,0,87,
459736,Touro University California,2012,0,93,
459745,The Chicago School of Professional Psychology at Washington DC,2012,,99,1190
459824,Touro University Nevada,2012,62000,99,
460075,California University of Management and Sciences,2012,,,
460349,Johnson & Wales University-Online,2012,,95,3074
460783,Remington College-Heathrow Campus,2012,0,99,
460899,Stevens-Henager College-Boise,2012,,,
460941,Northwest Institute of Literary Arts,2012,41930,82,1133
461032,Carolina College of Biblical Studies,2012,236706,47,6624
461120,Oxford Graduate School,2012,182415,46,
461139,Jung Tao School of Classical Chinese Medicine,2012,29,89,
461236,Georgia Christian University,2012,364110,86,
461485,Shepherds Theological Seminary,2012,1184975,17,
461528,Grace College of Divinity,2012,248492,26,
461643,Bergin University of Canine Studies,2012,0,86,
461759,Simmons College of Kentucky,2012,293140,29,
461795,North American University,2012,1240581,15,
461847,Mesivta Keser Torah,2012,353322,57,
462044,Institute for Doctoral Studies in the Visual Arts,2012,117540,83,
462354,John Paul the Great Catholic University,2012,498114,66,197
465812,Independence University,2012,,,
474863,Azusa Pacific Online University,2012,87521,13,
474890,College America-Phoenix,2012,,,
474906,CollegeAmerica-Stevens Henager College,2012,,,
475033,Relay Graduate School of Education,2012,3657287,17,
475200,Whitworth University-Adult Degree Programs,2012,0,100,
475273,Springfield College-School of Human Services,2012,0,81,
475608,Criswell College,2012,1724236,39,48358
476319,CollegeAmerica-Colorado Springs South,2012,,,
476601,Bais HaMedrash and Mesivta of Baltimore,2012,469435,72,
476692,Yeshiva Gedolah Zichron Leyma,2012,255124,47,
476717,Be'er Yaakov Talmudic Seminary,2012,291220,77,
477950,Stevens-Henager College-St George,2012,,,
478625,California College San Diego,2012,,,
478634,California College San Diego,2012,,,
480134,Elizabethtown College School of Continuing and Professional Studies,2012,,89,12697
480198,Warner Pacific College Adult Degree Program,2012,,86,4725
480569,Florida Institute of Technology-Online,2012,0,98,
480754,Manthano Christian College,2012,,,
480985,Midwives College of Utah,2012,,,
481030,Future Generations Graduate School,2012,,,
481058,Grace Mission University,2012,,,
481225,Mid-South Christian College,2012,,,
481401,Grace School of Theology,2012,,,
481410,Yeshiva Gedolah Kesser Torah,2012,,,
481438,Yeshiva Yesodei Hatorah,2012,,,
482228,Virginia Baptist College,2012,,,
482705,Northeastern University Global Network,2012,,,
